seed,controller,vehicles_spawned,vehicles_passed,average_waiting_time,average_queue,maximum_queue,total_reward
42,Fixed-Time,857,845,9.557215091404123,8.190533333333333,25,
42,Adaptive,857,845,4.768339167639051,4.0864666666666665,12,
42,RL-PPO,857,848,4.734519642162582,4.057483333333334,12,1126.7999999999988
43,Fixed-Time,857,850,9.912582652664332,8.495083333333334,26,
43,Adaptive,857,850,4.682030338389732,4.0125,13,
43,RL-PPO,857,847,4.8007779074290164,4.1142666666666665,13,1101.899999999999
44,Fixed-Time,857,849,9.710540645663167,8.321933333333334,26,
44,Adaptive,857,847,4.8156164916374955,4.1269833333333334,13,
44,RL-PPO,857,846,4.720614546868922,4.045566666666667,12,1097.7999999999988
45,Fixed-Time,857,848,9.668028004667445,8.2855,25,
45,Adaptive,857,849,4.657565149747181,3.9915333333333334,12,
45,RL-PPO,857,845,4.5568066900038895,3.9051833333333335,12,1132.4999999999998
46,Fixed-Time,857,847,10.374251264099572,8.890733333333333,26,
46,Adaptive,857,847,4.840120575651498,4.147983333333333,12,
46,RL-PPO,857,847,4.739420458965383,4.061683333333334,12,1090.2
47,Fixed-Time,857,850,9.51855309218203,8.1574,26,
47,Adaptive,857,850,4.6126604434072345,3.95305,12,
47,RL-PPO,857,844,4.572520420070012,3.91865,12,1119.6999999999991
48,Fixed-Time,857,849,9.84340723453909,8.4358,26,
48,Adaptive,857,845,4.826876701672501,4.136633333333333,12,
48,RL-PPO,857,851,4.9124854142357055,4.21,12,1107.7000000000019
49,Fixed-Time,857,847,10.2329249319331,8.769616666666666,27,
49,Adaptive,857,842,4.356009334889149,3.7331,12,
49,RL-PPO,857,849,4.452080902372617,3.8154333333333335,13,1130.1000000000015
50,Fixed-Time,857,843,10.106865033061066,8.661583333333333,26,
50,Adaptive,857,843,4.552469856087126,3.901466666666667,12,
50,RL-PPO,857,846,4.632691559704395,3.9702166666666665,11,1111.999999999999
51,Fixed-Time,857,847,10.242337611824192,8.777683333333334,25,
51,Adaptive,857,845,4.504628549202645,3.8604666666666665,13,
51,RL-PPO,857,843,4.770089459354337,4.0879666666666665,12,1094.0999999999963
